r,g,b
210.0,174.0,142.0
169.0,142.0,112.0
96.0,99.0,88.0
96.0,99.0,88.0
83.0,87.0,86.0
83.0,87.0,86.0
119.0,131.0,131.0
119.0,131.0,131.0
76.0,85.0,84.0
76.0,85.0,84.0
128.0,123.0,117.0
128.0,123.0,117.0
235.0,209.0,184.0
235.0,209.0,184.0
244.0,255.0,255.0
211.0,190.0,159.0
240.0,255.0,250.0
240.0,255.0,250.0
94.0,131.0,140.0
80.0,113.0,130.0
135.0,165.0,173.0
255.0,254.0,236.0
112.0,148.0,160.0
233.0,200.0,167.0
51.0,56.0,59.0
222.0,193.0,163.0
222.0,193.0,163.0
118.0,150.0,163.0
61.0,45.0,45.0
57.0,47.0,48.0
214.0,175.0,144.0
122.0,103.0,71.0
121.0,109.0,93.0
121.0,109.0,93.0
117.0,100.0,90.0
221.0,200.0,173.0
72.0,75.0,68.0
127.0,112.0,105.0
249.0,251.0,238.0
87.0,92.0,85.0
216.0,177.0,146.0
225.0,187.0,164.0
202.0,171.0,143.0
202.0,171.0,143.0
208.0,181.0,154.0
94.0,105.0,101.0
214.0,179.0,149.0
203.0,179.0,153.0
208.0,179.0,149.0
195.0,160.0,122.0
54.0,75.0,80.0
193.0,181.0,165.0
61.0,75.0,75.0
77.0,85.0,88.0
110.0,118.0,121.0
49.0,64.0,67.0
49.0,64.0,67.0
237.0,91.0,78.0
161.0,173.0,171.0
158.0,163.0,166.0
209.0,187.0,163.0
112.0,133.0,134.0
112.0,133.0,134.0
199.0,164.0,132.0
199.0,164.0,132.0
239.0,83.0,68.0
35.0,26.0,11.0
225.0,205.0,181.0
255.0,254.0,241.0
222.0,205.0,185.0
214.0,184.0,160.0
214.0,184.0,160.0
198.0,180.0,156.0
182.0,203.0,206.0
182.0,203.0,206.0
217.0,179.0,143.0
43.0,23.0,14.0
193.0,167.0,144.0
86.0,8.0,4.0
96.0,97.0,101.0
172.0,182.0,184.0
39.0,53.0,80.0
32.0,18.0,5.0
26.0,37.0,43.0
25.0,25.0,15.0
25.0,25.0,15.0
25.0,25.0,15.0
43.0,50.0,68.0
184.0,193.0,190.0
28.0,37.0,32.0
39.0,33.0,21.0
113.0,152.0,157.0
92.0,95.0,102.0
97.0,100.0,93.0
130.0,148.0,152.0
119.0,147.0,150.0
25.0,35.0,34.0
214.0,182.0,159.0
32.0,40.0,43.0
33.0,52.0,69.0
31.0,46.0,67.0
50.0,67.0,75.0
233.0,200.0,169.0
21.0,39.0,59.0
121.0,133.0,129.0
32.0,39.0,32.0
32.0,39.0,32.0
127.0,146.0,144.0
44.0,45.0,39.0
124.0,136.0,126.0
75.0,15.0,15.0
224.0,183.0,165.0
212.0,183.0,153.0
214.0,180.0,155.0
30.0,35.0,38.0
126.0,134.0,123.0
126.0,134.0,123.0
55.0,77.0,91.0
215.0,184.0,156.0
94.0,3.0,8.0
32.0,38.0,34.0
26.0,67.0,97.0
90.0,109.0,123.0
90.0,109.0,123.0
247.0,240.0,212.0
224.0,192.0,171.0
72.0,84.0,80.0
72.0,84.0,80.0
113.0,105.0,94.0
35.0,47.0,47.0
213.0,186.0,156.0
102.0,113.0,115.0
102.0,113.0,115.0
213.0,185.0,164.0
49.0,55.0,55.0
109.0,118.0,113.0
109.0,118.0,113.0
37.0,42.0,38.0
199.0,184.0,151.0
132.0,144.0,132.0
107.0,103.0,92.0
110.0,98.0,84.0
49.0,44.0,38.0
49.0,44.0,38.0
222.0,191.0,170.0
140.0,143.0,132.0
33.0,32.0,27.0
33.0,32.0,27.0
116.0,116.0,104.0
197.0,163.0,135.0
243.0,250.0,232.0
190.0,167.0,136.0
119.0,108.0,90.0
235.0,232.0,217.0
252.0,252.0,244.0
241.0,235.0,223.0
32.0,41.0,46.0
110.0,107.0,92.0
216.0,189.0,159.0
235.0,193.0,168.0
235.0,193.0,168.0
224.0,230.0,218.0
79.0,75.0,74.0
97.0,100.0,107.0
147.0,173.0,198.0
113.0,170.0,215.0
78.0,72.0,60.0
91.0,113.0,110.0
83.0,84.0,70.0
10.0,15.0,9.0
22.0,34.0,34.0
22.0,34.0,34.0
77.0,8.0,1.0
92.0,75.0,68.0
74.0,0.0,0.0
23.0,35.0,35.0
23.0,35.0,35.0
245.0,246.0,230.0
62.0,17.0,14.0
72.0,79.0,71.0
69.0,27.0,13.0
72.0,2.0,4.0
72.0,2.0,4.0
66.0,16.0,17.0
199.0,162.0,135.0
75.0,79.0,65.0
111.0,123.0,121.0
45.0,42.0,37.0
245.0,244.0,226.0
69.0,34.0,32.0
198.0,164.0,139.0
246.0,245.0,243.0
55.0,30.0,33.0
86.0,113.0,130.0
203.0,181.0,160.0
203.0,181.0,160.0
205.0,166.0,133.0
205.0,166.0,133.0
192.0,175.0,147.0
206.0,171.0,149.0
196.0,160.0,134.0
111.0,139.0,153.0
125.0,142.0,149.0
125.0,142.0,149.0
113.0,138.0,145.0
115.0,130.0,133.0
96.0,125.0,139.0
200.0,159.0,137.0
191.0,165.0,140.0
90.0,120.0,131.0
56.0,69.0,75.0
202.0,171.0,151.0
99.0,128.0,146.0
99.0,128.0,146.0
203.0,166.0,147.0
203.0,166.0,147.0
189.0,158.0,137.0
48.0,78.0,102.0
58.0,54.0,81.0
58.0,65.0,107.0
231.0,223.0,202.0
205.0,173.0,152.0
198.0,156.0,144.0
254.0,226.0,214.0
254.0,226.0,214.0
189.0,162.0,153.0
65.0,40.0,44.0
202.0,173.0,167.0
229.0,169.0,159.0
100.0,60.0,60.0
32.0,96.0,144.0
65.0,29.0,55.0
40.0,93.0,135.0
61.0,28.0,47.0
40.0,89.0,132.0
32.0,90.0,128.0
126.0,99.0,132.0
199.0,80.0,76.0
126.0,99.0,132.0
151.0,105.0,134.0
54.0,88.0,115.0
177.0,101.0,137.0
177.0,101.0,137.0
55.0,89.0,126.0
32.0,103.0,147.0
24.0,29.0,33.0
24.0,29.0,33.0
29.0,97.0,136.0
50.0,99.0,140.0
63.0,75.0,113.0
164.0,106.0,128.0
164.0,106.0,128.0
49.0,82.0,125.0
159.0,104.0,136.0
46.0,83.0,136.0
174.0,132.0,152.0
174.0,132.0,152.0
95.0,126.0,144.0
95.0,126.0,144.0
73.0,105.0,130.0
184.0,136.0,162.0
59.0,98.0,127.0
212.0,204.0,215.0
76.0,99.0,117.0
171.0,165.0,169.0
64.0,105.0,127.0
67.0,113.0,129.0
223.0,224.0,229.0
86.0,101.0,124.0
190.0,182.0,193.0
140.0,129.0,135.0
72.0,91.0,134.0
68.0,104.0,130.0
178.0,152.0,163.0
76.0,97.0,126.0
66.0,108.0,132.0
226.0,217.0,222.0
226.0,217.0,222.0
157.0,143.0,156.0
232.0,222.0,233.0
96.0,98.0,121.0
58.0,87.0,117.0
42.0,100.0,140.0
232.0,224.0,237.0
67.0,113.0,128.0
106.0,125.0,121.0
55.0,49.0,49.0
55.0,49.0,49.0
37.0,97.0,134.0
116.0,84.0,107.0
43.0,91.0,139.0
58.0,55.0,46.0
93.0,117.0,145.0
161.0,150.0,154.0
161.0,150.0,154.0
33.0,102.0,144.0
220.0,167.0,149.0
241.0,227.0,201.0
241.0,227.0,201.0
206.0,163.0,146.0
206.0,163.0,146.0
149.0,104.0,124.0
206.0,175.0,157.0
38.0,97.0,141.0
174.0,99.0,132.0
130.0,131.0,159.0
187.0,147.0,174.0
73.0,44.0,38.0
43.0,96.0,140.0
72.0,111.0,150.0
170.0,103.0,138.0
158.0,89.0,94.0
33.0,101.0,150.0
83.0,90.0,98.0
47.0,94.0,136.0
44.0,106.0,143.0
35.0,102.0,144.0
45.0,100.0,154.0
45.0,100.0,154.0
228.0,162.0,146.0
51.0,112.0,159.0
218.0,168.0,143.0
177.0,110.0,145.0
33.0,35.0,32.0
86.0,84.0,89.0
204.0,162.0,140.0
204.0,162.0,140.0
61.0,104.0,146.0
52.0,112.0,164.0
25.0,56.0,76.0
39.0,63.0,89.0
189.0,156.0,125.0
194.0,167.0,138.0
213.0,176.0,149.0
213.0,176.0,149.0
123.0,142.0,146.0
123.0,142.0,146.0
30.0,61.0,90.0
86.0,97.0,101.0
37.0,81.0,110.0
106.0,105.0,101.0
147.0,166.0,173.0
38.0,69.0,89.0
82.0,81.0,79.0
35.0,62.0,91.0
197.0,175.0,136.0
78.0,89.0,91.0
246.0,234.0,210.0
32.0,57.0,88.0
32.0,57.0,88.0
183.0,157.0,140.0
30.0,63.0,96.0
30.0,63.0,96.0
132.0,164.0,185.0
32.0,62.0,98.0
245.0,255.0,247.0
190.0,154.0,130.0
198.0,168.0,142.0
21.0,30.0,37.0
159.0,174.0,171.0
79.0,93.0,94.0
209.0,177.0,156.0
131.0,167.0,199.0
131.0,167.0,199.0
123.0,141.0,145.0
121.0,151.0,162.0
116.0,143.0,164.0
116.0,143.0,164.0
20.0,14.0,16.0
141.0,176.0,204.0
88.0,105.0,112.0
184.0,158.0,121.0
43.0,68.0,90.0
200.0,165.0,143.0
95.0,102.0,112.0
21.0,34.0,40.0
95.0,129.0,157.0
95.0,129.0,157.0
119.0,145.0,168.0
80.0,65.0,70.0
201.0,174.0,147.0
249.0,232.0,225.0
69.0,54.0,47.0
114.0,141.0,150.0
63.0,51.0,63.0
57.0,46.0,52.0
53.0,44.0,47.0
43.0,55.0,69.0
26.0,56.0,80.0
22.0,77.0,118.0
24.0,47.0,63.0
60.0,94.0,129.0
81.0,67.0,66.0
79.0,69.0,57.0
214.0,202.0,162.0
23.0,28.0,34.0
204.0,174.0,148.0
219.0,197.0,160.0
217.0,187.0,153.0
10.0,15.0,18.0
224.0,192.0,167.0
47.0,58.0,60.0
111.0,120.0,119.0
213.0,182.0,153.0
238.0,210.0,186.0
215.0,188.0,161.0
86.0,67.0,50.0
183.0,151.0,138.0
29.0,29.0,21.0
96.0,67.0,61.0
73.0,49.0,45.0
73.0,49.0,45.0
124.0,106.0,82.0
25.0,35.0,37.0
204.0,180.0,152.0
55.0,56.0,48.0
124.0,112.0,70.0
107.0,119.0,55.0
110.0,89.0,46.0
183.0,153.0,103.0
81.0,83.0,69.0
218.0,168.0,141.0
74.0,72.0,60.0
98.0,31.0,23.0
73.0,36.0,28.0
79.0,39.0,29.0
195.0,170.0,130.0
92.0,91.0,86.0
92.0,91.0,86.0
126.0,112.0,103.0
197.0,169.0,132.0
57.0,62.0,58.0
181.0,139.0,115.0
227.0,164.0,129.0
222.0,183.0,140.0
150.0,119.0,91.0
189.0,162.0,143.0
73.0,35.0,26.0
49.0,39.0,29.0
101.0,103.0,100.0
101.0,103.0,100.0
95.0,85.0,76.0
188.0,159.0,119.0
110.0,96.0,93.0
63.0,50.0,44.0
203.0,166.0,137.0
56.0,49.0,31.0
56.0,49.0,31.0
56.0,49.0,31.0
56.0,49.0,31.0
228.0,240.0,240.0
48.0,48.0,48.0
137.0,44.0,36.0
29.0,35.0,21.0
199.0,165.0,137.0
94.0,29.0,25.0
94.0,29.0,25.0
214.0,240.0,227.0
56.0,34.0,37.0
56.0,34.0,37.0
236.0,253.0,237.0
214.0,239.0,220.0
214.0,239.0,220.0
73.0,25.0,15.0
73.0,25.0,15.0
63.0,35.0,32.0
42.0,44.0,31.0
50.0,36.0,33.0
50.0,36.0,33.0
50.0,36.0,33.0
43.0,44.0,46.0
86.0,32.0,32.0
139.0,39.0,37.0
184.0,158.0,125.0
59.0,88.0,106.0
88.0,42.0,26.0
110.0,140.0,150.0
69.0,96.0,115.0
55.0,83.0,97.0
55.0,83.0,97.0
241.0,181.0,147.0
59.0,42.0,32.0
59.0,42.0,32.0
59.0,42.0,32.0
101.0,27.0,24.0
236.0,231.0,211.0
93.0,26.0,10.0
195.0,166.0,136.0
56.0,41.0,36.0
101.0,30.0,28.0
185.0,156.0,124.0
218.0,188.0,160.0
218.0,188.0,160.0
239.0,98.0,89.0
94.0,26.0,15.0
89.0,108.0,123.0
89.0,108.0,123.0
76.0,47.0,51.0
91.0,117.0,132.0
222.0,196.0,159.0
202.0,166.0,130.0
226.0,88.0,78.0
207.0,232.0,226.0
214.0,85.0,80.0
68.0,44.0,42.0
60.0,56.0,44.0
148.0,146.0,123.0
141.0,115.0,98.0
128.0,109.0,94.0
115.0,91.0,67.0
107.0,44.0,39.0
100.0,95.0,89.0
113.0,100.0,83.0
113.0,100.0,83.0
82.0,87.0,81.0
103.0,99.0,88.0
241.0,241.0,213.0
218.0,95.0,90.0
66.0,85.0,91.0
120.0,113.0,94.0
49.0,35.0,22.0
35.0,41.0,31.0
47.0,40.0,32.0
122.0,125.0,114.0
127.0,130.0,121.0
70.0,42.0,38.0
230.0,87.0,79.0
63.0,78.0,81.0
174.0,141.0,122.0
169.0,77.0,62.0
101.0,115.0,118.0
227.0,94.0,87.0
182.0,154.0,130.0
61.0,41.0,42.0
214.0,178.0,154.0
207.0,176.0,145.0
110.0,115.0,118.0
110.0,115.0,118.0
197.0,165.0,140.0
154.0,126.0,112.0
103.0,23.0,22.0
186.0,150.0,118.0
47.0,37.0,28.0
135.0,146.0,150.0
135.0,146.0,150.0
66.0,77.0,81.0
80.0,82.0,81.0
142.0,161.0,167.0
93.0,26.0,17.0
65.0,77.0,77.0
38.0,59.0,62.0
54.0,67.0,76.0
86.0,24.0,27.0
240.0,98.0,84.0
149.0,160.0,156.0
150.0,168.0,172.0
150.0,168.0,172.0
45.0,63.0,67.0
45.0,63.0,67.0
40.0,31.0,26.0
40.0,31.0,26.0
88.0,84.0,81.0
195.0,158.0,131.0
246.0,245.0,225.0
200.0,174.0,151.0
75.0,17.0,16.0
47.0,27.0,29.0
44.0,61.0,77.0
44.0,61.0,77.0
119.0,122.0,111.0
186.0,159.0,138.0
186.0,159.0,138.0
185.0,163.0,139.0
170.0,174.0,175.0
230.0,75.0,70.0
145.0,157.0,157.0
164.0,184.0,182.0
164.0,184.0,182.0
139.0,153.0,156.0
217.0,199.0,179.0
39.0,23.0,24.0
39.0,23.0,24.0
34.0,35.0,29.0
88.0,14.0,15.0
165.0,143.0,120.0
143.0,163.0,190.0
99.0,103.0,102.0
100.0,121.0,126.0
100.0,121.0,126.0
87.0,92.0,95.0
40.0,31.0,26.0
34.0,40.0,38.0
174.0,144.0,120.0
33.0,50.0,58.0
33.0,50.0,58.0
167.0,177.0,176.0
171.0,179.0,181.0
166.0,180.0,181.0
103.0,121.0,121.0
103.0,121.0,121.0
24.0,35.0,37.0
43.0,54.0,72.0
27.0,30.0,21.0
196.0,170.0,147.0
188.0,160.0,136.0
79.0,17.0,18.0
18.0,38.0,47.0
92.0,98.0,98.0
103.0,129.0,156.0
36.0,52.0,65.0
40.0,60.0,69.0
197.0,207.0,199.0
31.0,39.0,41.0
172.0,188.0,188.0
25.0,33.0,35.0
170.0,186.0,186.0
11.0,31.0,30.0
201.0,156.0,133.0
201.0,165.0,139.0
42.0,58.0,73.0
120.0,145.0,152.0
13.0,28.0,35.0
76.0,82.0,82.0
113.0,154.0,148.0
53.0,85.0,106.0
124.0,149.0,145.0
42.0,27.0,22.0
209.0,173.0,151.0
80.0,94.0,95.0
171.0,174.0,163.0
167.0,176.0,181.0
130.0,140.0,149.0
144.0,155.0,147.0
82.0,91.0,90.0
220.0,85.0,82.0
196.0,168.0,144.0
31.0,40.0,37.0
65.0,67.0,62.0
49.0,81.0,102.0
46.0,26.0,19.0
96.0,102.0,90.0
37.0,49.0,73.0
201.0,206.0,202.0
106.0,135.0,169.0
52.0,65.0,82.0
31.0,36.0,40.0
31.0,36.0,40.0
20.0,32.0,28.0
59.0,71.0,59.0
59.0,71.0,59.0
171.0,182.0,184.0
120.0,139.0,137.0
22.0,31.0,28.0
60.0,68.0,57.0
98.0,95.0,86.0
27.0,42.0,47.0
27.0,42.0,47.0
20.0,31.0,27.0
188.0,160.0,136.0
156.0,167.0,163.0
38.0,58.0,57.0
53.0,97.0,136.0
70.0,79.0,74.0
106.0,107.0,99.0
35.0,41.0,39.0
212.0,88.0,90.0
194.0,166.0,142.0
110.0,110.0,98.0
105.0,85.0,78.0
19.0,40.0,57.0
198.0,85.0,71.0
189.0,152.0,133.0
99.0,118.0,124.0
86.0,87.0,82.0
106.0,118.0,114.0
106.0,118.0,114.0
36.0,46.0,45.0
230.0,218.0,192.0
57.0,20.0,14.0
68.0,82.0,93.0
53.0,63.0,72.0
42.0,52.0,61.0
96.0,107.0,99.0
88.0,91.0,80.0
100.0,109.0,114.0
100.0,109.0,114.0
139.0,153.0,162.0
99.0,83.0,67.0
208.0,172.0,146.0
106.0,109.0,98.0
49.0,54.0,50.0
49.0,54.0,50.0
118.0,118.0,108.0
94.0,14.0,15.0
122.0,164.0,189.0
103.0,113.0,112.0
56.0,36.0,27.0
108.0,152.0,187.0
191.0,161.0,137.0
191.0,161.0,137.0
41.0,76.0,108.0
38.0,48.0,49.0
43.0,74.0,92.0
84.0,70.0,57.0
222.0,227.0,221.0
222.0,227.0,221.0
104.0,100.0,89.0
117.0,120.0,111.0
219.0,225.0,221.0
219.0,225.0,221.0
87.0,82.0,78.0
119.0,118.0,113.0
57.0,32.0,27.0
61.0,58.0,51.0
44.0,25.0,21.0
55.0,64.0,59.0
55.0,64.0,59.0
225.0,188.0,159.0
115.0,116.0,108.0
66.0,27.0,30.0
60.0,71.0,67.0
60.0,71.0,67.0
218.0,213.0,193.0
106.0,102.0,91.0
239.0,237.0,222.0
104.0,94.0,82.0
205.0,206.0,190.0
205.0,206.0,190.0
205.0,168.0,142.0
178.0,138.0,112.0
60.0,63.0,36.0
253.0,236.0,216.0
214.0,179.0,149.0
62.0,65.0,44.0
217.0,213.0,201.0
87.0,86.0,82.0
105.0,120.0,125.0
25.0,31.0,27.0
83.0,79.0,70.0
82.0,83.0,77.0
95.0,111.0,110.0
77.0,70.0,62.0
14.0,13.0,9.0
14.0,13.0,9.0
228.0,210.0,190.0
23.0,33.0,32.0
23.0,33.0,32.0
63.0,24.0,17.0
98.0,89.0,80.0
79.0,1.0,0.0
64.0,17.0,11.0
64.0,17.0,11.0
147.0,152.0,86.0
77.0,82.0,85.0
192.0,150.0,126.0
67.0,27.0,19.0
60.0,9.0,8.0
60.0,9.0,8.0
193.0,156.0,129.0
162.0,79.0,75.0
76.0,77.0,69.0
118.0,127.0,122.0
108.0,119.0,113.0
105.0,106.0,98.0
62.0,29.0,24.0
40.0,43.0,36.0
74.0,23.0,20.0
108.0,121.0,33.0
57.0,34.0,26.0
174.0,143.0,123.0
233.0,221.0,209.0
233.0,221.0,209.0
74.0,68.0,44.0
88.0,107.0,121.0
166.0,149.0,119.0
166.0,149.0,119.0
186.0,148.0,125.0
186.0,148.0,125.0
196.0,155.0,135.0
176.0,150.0,127.0
107.0,129.0,143.0
119.0,138.0,145.0
119.0,138.0,145.0
118.0,131.0,137.0
118.0,131.0,137.0
118.0,131.0,137.0
99.0,71.0,59.0
99.0,71.0,59.0
82.0,92.0,91.0
186.0,155.0,135.0
44.0,35.0,28.0
36.0,61.0,83.0
46.0,36.0,24.0
73.0,50.0,36.0
177.0,149.0,125.0
47.0,22.0,28.0
166.0,134.0,111.0
160.0,170.0,169.0
14.0,27.0,18.0
54.0,73.0,90.0
34.0,60.0,75.0
35.0,61.0,78.0
192.0,166.0,139.0
27.0,27.0,27.0
176.0,152.0,128.0
190.0,159.0,138.0
190.0,159.0,138.0
78.0,87.0,92.0
103.0,131.0,142.0
212.0,86.0,87.0
80.0,45.0,51.0
21.0,33.0,33.0
169.0,143.0,126.0
90.0,94.0,67.0
72.0,89.0,109.0
72.0,89.0,109.0
70.0,68.0,89.0
78.0,58.0,83.0
38.0,27.0,35.0
250.0,210.0,200.0
70.0,23.0,29.0
70.0,23.0,29.0
94.0,61.0,56.0
57.0,100.0,142.0
62.0,45.0,55.0
78.0,92.0,131.0
51.0,86.0,126.0
121.0,94.0,113.0
161.0,102.0,120.0
63.0,71.0,92.0
50.0,99.0,132.0
170.0,111.0,139.0
170.0,111.0,139.0
47.0,100.0,118.0
135.0,105.0,141.0
170.0,109.0,140.0
65.0,90.0,130.0
51.0,107.0,140.0
50.0,104.0,138.0
167.0,107.0,143.0
167.0,107.0,143.0
167.0,107.0,143.0
168.0,109.0,137.0
168.0,109.0,137.0
57.0,117.0,153.0
64.0,95.0,126.0
66.0,100.0,127.0
53.0,105.0,142.0
29.0,102.0,135.0
102.0,101.0,119.0
78.0,109.0,114.0
29.0,35.0,33.0
190.0,158.0,179.0
52.0,88.0,122.0
173.0,178.0,182.0
93.0,118.0,138.0
135.0,142.0,152.0
74.0,113.0,128.0
100.0,101.0,131.0
188.0,177.0,181.0
188.0,177.0,181.0
75.0,107.0,130.0
89.0,112.0,130.0
89.0,112.0,130.0
80.0,114.0,139.0
46.0,50.0,51.0
235.0,230.0,234.0
235.0,230.0,234.0
163.0,141.0,153.0
163.0,141.0,153.0
163.0,141.0,153.0
53.0,51.0,36.0
198.0,155.0,175.0
65.0,117.0,141.0
92.0,116.0,152.0
41.0,80.0,109.0
100.0,94.0,120.0
225.0,222.0,231.0
225.0,222.0,231.0
174.0,168.0,178.0
36.0,77.0,105.0
180.0,186.0,182.0
153.0,130.0,140.0
226.0,223.0,234.0
74.0,74.0,72.0
87.0,109.0,132.0
72.0,79.0,95.0
166.0,163.0,180.0
48.0,64.0,54.0
63.0,64.0,50.0
50.0,99.0,132.0
50.0,99.0,132.0
104.0,103.0,135.0
97.0,115.0,139.0
182.0,171.0,177.0
182.0,171.0,177.0
42.0,102.0,136.0
84.0,85.0,105.0
104.0,110.0,142.0
50.0,107.0,134.0
40.0,73.0,88.0
226.0,214.0,190.0
226.0,214.0,190.0
255.0,221.0,212.0
243.0,215.0,194.0
255.0,224.0,218.0
54.0,105.0,148.0
194.0,146.0,136.0
47.0,117.0,151.0
183.0,118.0,140.0
183.0,118.0,140.0
81.0,60.0,55.0
78.0,99.0,130.0
195.0,162.0,183.0
150.0,144.0,172.0
150.0,144.0,172.0
177.0,112.0,142.0
44.0,104.0,141.0
85.0,95.0,107.0
68.0,107.0,148.0
175.0,191.0,204.0
50.0,113.0,148.0
97.0,93.0,118.0
48.0,113.0,153.0
175.0,137.0,158.0
104.0,80.0,104.0
41.0,130.0,164.0
53.0,117.0,161.0
53.0,117.0,161.0
223.0,169.0,143.0
64.0,119.0,160.0
52.0,98.0,114.0
52.0,78.0,91.0
52.0,42.0,50.0
179.0,195.0,208.0
188.0,167.0,146.0
34.0,36.0,35.0
58.0,121.0,154.0
58.0,121.0,154.0
104.0,103.0,111.0
36.0,37.0,31.0
115.0,109.0,119.0
42.0,124.0,161.0
42.0,124.0,161.0
217.0,210.0,182.0
56.0,121.0,163.0
205.0,170.0,148.0
205.0,170.0,148.0
85.0,119.0,167.0
42.0,41.0,39.0
41.0,33.0,31.0
92.0,100.0,103.0
29.0,36.0,44.0
183.0,151.0,128.0
44.0,78.0,105.0
158.0,180.0,191.0
56.0,91.0,119.0
56.0,91.0,119.0
25.0,35.0,37.0
120.0,124.0,123.0
58.0,89.0,117.0
58.0,89.0,117.0
164.0,172.0,175.0
205.0,175.0,149.0
94.0,105.0,111.0
163.0,182.0,188.0
162.0,174.0,170.0
162.0,174.0,170.0
243.0,110.0,105.0
41.0,62.0,93.0
44.0,75.0,104.0
44.0,75.0,104.0
30.0,68.0,107.0
172.0,47.0,53.0
9.0,37.0,38.0
9.0,37.0,38.0
81.0,94.0,100.0
17.0,21.0,30.0
33.0,18.0,23.0
130.0,155.0,162.0
130.0,155.0,162.0
181.0,159.0,138.0
175.0,189.0,190.0
112.0,117.0,120.0
50.0,25.0,29.0
204.0,169.0,137.0
213.0,177.0,161.0
147.0,174.0,185.0
147.0,174.0,185.0
93.0,104.0,108.0
25.0,35.0,47.0
94.0,109.0,116.0
177.0,157.0,132.0
78.0,58.0,57.0
109.0,141.0,166.0
87.0,74.0,81.0
205.0,179.0,156.0
113.0,118.0,111.0
91.0,77.0,76.0
160.0,178.0,188.0
206.0,179.0,162.0
145.0,170.0,174.0
36.0,88.0,135.0
74.0,65.0,66.0
79.0,63.0,64.0
35.0,36.0,28.0
43.0,59.0,75.0
32.0,85.0,135.0
84.0,69.0,72.0
94.0,117.0,135.0
36.0,60.0,86.0
63.0,49.0,49.0
32.0,53.0,70.0
66.0,59.0,51.0
67.0,102.0,140.0
193.0,167.0,144.0
213.0,181.0,156.0
192.0,185.0,157.0
24.0,28.0,39.0
63.0,107.0,144.0
217.0,182.0,160.0
215.0,194.0,163.0
10.0,14.0,15.0
23.0,14.0,17.0
6.0,16.0,18.0
35.0,36.0,30.0
11.0,16.0,20.0
215.0,178.0,152.0
215.0,176.0,147.0
130.0,120.0,121.0
11.0,15.0,18.0
232.0,203.0,197.0
11.0,20.0,17.0
222.0,192.0,168.0
7.0,11.0,14.0
128.0,96.0,83.0
216.0,186.0,160.0
130.0,103.0,92.0
107.0,78.0,72.0
106.0,116.0,117.0
225.0,227.0,206.0
153.0,131.0,108.0
99.0,75.0,71.0
10.0,11.0,15.0
130.0,106.0,80.0
176.0,163.0,157.0
110.0,90.0,81.0
63.0,63.0,61.0
28.0,29.0,21.0
181.0,173.0,154.0
64.0,42.0,29.0
40.0,37.0,28.0
216.0,95.0,78.0
216.0,95.0,78.0
254.0,209.0,168.0
112.0,60.0,47.0
83.0,35.0,25.0
83.0,35.0,25.0
239.0,93.0,70.0
58.0,58.0,48.0
242.0,83.0,80.0
231.0,91.0,78.0
225.0,82.0,68.0
69.0,51.0,41.0
217.0,85.0,72.0
138.0,122.0,97.0
80.0,80.0,70.0
255.0,252.0,233.0
147.0,139.0,116.0
209.0,180.0,140.0
46.0,36.0,35.0
200.0,166.0,129.0
118.0,116.0,101.0
72.0,79.0,71.0
108.0,59.0,44.0
108.0,59.0,44.0
61.0,40.0,35.0
76.0,87.0,89.0
63.0,33.0,25.0
70.0,21.0,17.0
34.0,54.0,55.0
110.0,113.0,106.0
93.0,105.0,117.0
230.0,214.0,189.0
46.0,65.0,80.0
162.0,174.0,172.0
232.0,216.0,191.0
237.0,81.0,68.0
208.0,193.0,174.0
169.0,181.0,181.0
169.0,181.0,181.0
43.0,34.0,29.0
47.0,33.0,33.0
47.0,33.0,33.0
47.0,33.0,33.0
218.0,182.0,150.0
218.0,182.0,150.0
47.0,70.0,54.0
45.0,59.0,70.0
45.0,59.0,70.0
223.0,208.0,179.0
255.0,252.0,249.0
39.0,35.0,26.0
39.0,35.0,26.0
39.0,35.0,26.0
166.0,174.0,176.0
220.0,203.0,185.0
35.0,28.0,20.0
151.0,174.0,192.0
95.0,120.0,124.0
47.0,27.0,20.0
35.0,27.0,24.0
33.0,38.0,41.0
167.0,176.0,171.0
165.0,176.0,178.0
62.0,77.0,80.0
38.0,18.0,11.0
8.0,24.0,47.0
39.0,56.0,63.0
37.0,53.0,66.0
95.0,5.0,5.0
75.0,76.0,70.0
44.0,21.0,15.0
31.0,27.0,24.0
139.0,157.0,159.0
142.0,161.0,167.0
225.0,84.0,75.0
40.0,57.0,65.0
104.0,107.0,96.0
26.0,34.0,36.0
26.0,34.0,36.0
180.0,183.0,176.0
180.0,183.0,176.0
32.0,47.0,66.0
107.0,126.0,120.0
32.0,37.0,31.0
32.0,37.0,31.0
41.0,78.0,120.0
21.0,28.0,21.0
158.0,173.0,170.0
124.0,137.0,128.0
32.0,39.0,32.0
220.0,91.0,86.0
228.0,93.0,90.0
37.0,43.0,43.0
124.0,134.0,133.0
40.0,57.0,73.0
51.0,71.0,78.0
119.0,131.0,127.0
119.0,131.0,127.0
45.0,59.0,70.0
197.0,78.0,84.0
29.0,36.0,29.0
255.0,241.0,214.0
87.0,105.0,117.0
132.0,143.0,139.0
82.0,95.0,88.0
82.0,95.0,88.0
230.0,197.0,164.0
100.0,101.0,85.0
19.0,29.0,28.0
70.0,28.0,32.0
96.0,108.0,106.0
96.0,108.0,106.0
126.0,128.0,115.0
26.0,35.0,32.0
112.0,124.0,110.0
97.0,97.0,87.0
114.0,99.0,78.0
237.0,244.0,237.0
237.0,244.0,237.0
216.0,185.0,156.0
115.0,120.0,114.0
91.0,86.0,80.0
58.0,55.0,50.0
73.0,67.0,55.0
224.0,229.0,225.0
224.0,229.0,225.0
99.0,109.0,100.0
110.0,100.0,88.0
227.0,198.0,168.0
182.0,161.0,132.0
98.0,101.0,82.0
221.0,195.0,162.0
228.0,197.0,168.0
228.0,197.0,168.0
221.0,188.0,155.0
74.0,92.0,78.0
74.0,92.0,78.0
69.0,66.0,59.0
27.0,34.0,40.0
92.0,79.0,63.0
86.0,17.0,12.0
26.0,30.0,29.0
26.0,30.0,29.0
204.0,170.0,142.0
67.0,9.0,7.0
106.0,119.0,112.0
56.0,36.0,25.0
209.0,164.0,141.0
97.0,93.0,81.0
47.0,19.0,15.0
47.0,19.0,15.0
72.0,95.0,109.0
195.0,171.0,147.0
190.0,160.0,134.0
66.0,24.0,10.0
212.0,168.0,143.0
202.0,171.0,151.0
113.0,134.0,153.0
119.0,134.0,139.0
114.0,130.0,130.0
143.0,153.0,152.0
34.0,52.0,76.0
178.0,147.0,129.0
199.0,154.0,131.0
97.0,121.0,131.0
58.0,68.0,69.0
204.0,172.0,149.0
85.0,93.0,96.0
206.0,170.0,148.0
103.0,132.0,148.0
103.0,132.0,148.0
195.0,166.0,148.0
69.0,88.0,102.0
57.0,73.0,96.0
40.0,81.0,99.0
73.0,97.0,125.0
85.0,71.0,97.0
85.0,71.0,97.0
210.0,186.0,174.0
249.0,232.0,214.0
184.0,155.0,139.0
42.0,97.0,138.0
51.0,92.0,122.0
62.0,85.0,127.0
55.0,88.0,133.0
129.0,103.0,130.0
154.0,103.0,136.0
59.0,92.0,123.0
47.0,91.0,116.0
165.0,104.0,138.0
62.0,80.0,116.0
52.0,97.0,120.0
56.0,97.0,143.0
52.0,97.0,139.0
158.0,97.0,141.0
40.0,93.0,137.0
87.0,70.0,106.0
172.0,105.0,140.0
172.0,105.0,140.0
30.0,70.0,96.0
47.0,75.0,96.0
47.0,75.0,96.0
182.0,103.0,135.0
182.0,103.0,135.0
45.0,88.0,130.0
56.0,101.0,132.0
145.0,114.0,132.0
163.0,132.0,148.0
163.0,132.0,148.0
48.0,101.0,133.0
100.0,124.0,136.0
50.0,101.0,144.0
160.0,145.0,142.0
192.0,197.0,216.0
66.0,102.0,116.0
123.0,124.0,82.0
243.0,228.0,233.0
86.0,104.0,124.0
62.0,104.0,126.0
212.0,217.0,220.0
88.0,114.0,127.0
218.0,230.0,228.0
215.0,211.0,210.0
55.0,100.0,123.0
161.0,167.0,163.0
167.0,140.0,147.0
70.0,104.0,131.0
191.0,143.0,169.0
64.0,91.0,121.0
98.0,105.0,133.0
77.0,109.0,130.0
209.0,192.0,211.0
209.0,192.0,211.0
205.0,190.0,197.0
192.0,176.0,189.0
75.0,109.0,134.0
66.0,47.0,41.0
38.0,97.0,137.0
38.0,97.0,137.0
40.0,94.0,141.0
243.0,237.0,213.0
103.0,114.0,144.0
155.0,151.0,152.0
54.0,93.0,134.0
81.0,102.0,129.0
85.0,112.0,141.0
49.0,113.0,151.0
43.0,106.0,141.0
204.0,165.0,136.0
246.0,195.0,178.0
50.0,100.0,151.0
165.0,110.0,142.0
78.0,85.0,114.0
186.0,153.0,184.0
168.0,107.0,151.0
68.0,117.0,134.0
136.0,169.0,184.0
43.0,108.0,148.0
236.0,227.0,198.0
66.0,68.0,54.0
69.0,39.0,51.0
52.0,98.0,147.0
42.0,105.0,148.0
222.0,164.0,142.0
37.0,105.0,150.0
36.0,62.0,77.0
212.0,169.0,135.0
47.0,74.0,93.0
176.0,109.0,142.0
90.0,101.0,97.0
36.0,110.0,145.0
210.0,172.0,149.0
210.0,172.0,149.0
31.0,57.0,70.0
31.0,57.0,70.0
56.0,112.0,147.0
60.0,22.0,21.0
168.0,132.0,136.0
75.0,15.0,14.0
43.0,71.0,95.0
231.0,179.0,166.0
190.0,163.0,136.0
202.0,171.0,150.0
202.0,171.0,150.0
149.0,158.0,163.0
28.0,65.0,94.0
131.0,137.0,75.0
145.0,159.0,160.0
145.0,159.0,160.0
23.0,33.0,35.0
88.0,95.0,87.0
33.0,69.0,93.0
33.0,69.0,93.0
195.0,164.0,146.0
193.0,164.0,134.0
85.0,92.0,98.0
234.0,235.0,230.0
141.0,154.0,160.0
11.0,28.0,22.0
30.0,63.0,98.0
21.0,54.0,95.0
183.0,152.0,123.0
79.0,91.0,87.0
244.0,255.0,247.0
22.0,55.0,70.0
213.0,186.0,159.0
141.0,156.0,161.0
204.0,176.0,155.0
131.0,174.0,193.0
131.0,174.0,193.0
82.0,97.0,100.0
117.0,146.0,164.0
254.0,252.0,237.0
29.0,51.0,72.0
29.0,51.0,72.0
139.0,172.0,203.0
139.0,172.0,203.0
129.0,156.0,167.0
95.0,106.0,108.0
184.0,153.0,135.0
17.0,30.0,39.0
120.0,155.0,175.0
197.0,167.0,141.0
142.0,160.0,160.0
253.0,229.0,217.0
222.0,215.0,222.0
187.0,157.0,133.0
123.0,141.0,153.0
75.0,51.0,47.0
68.0,56.0,56.0
36.0,50.0,61.0
26.0,53.0,80.0
26.0,48.0,61.0
98.0,86.0,74.0
20.0,30.0,29.0
207.0,196.0,164.0
200.0,174.0,147.0
221.0,187.0,160.0
221.0,187.0,160.0
5.0,11.0,11.0
220.0,186.0,149.0
15.0,16.0,21.0
241.0,211.0,187.0
120.0,125.0,118.0
221.0,190.0,162.0
34.0,20.0,19.0
111.0,80.0,60.0
118.0,100.0,78.0
8.0,13.0,16.0
177.0,143.0,108.0
169.0,143.0,116.0
169.0,143.0,116.0
209.0,165.0,128.0
246.0,170.0,112.0
87.0,34.0,26.0
89.0,29.0,29.0
66.0,69.0,62.0
66.0,69.0,62.0
90.0,94.0,97.0
247.0,214.0,181.0
225.0,176.0,136.0
90.0,46.0,37.0
235.0,197.0,158.0
61.0,35.0,38.0
120.0,124.0,125.0
57.0,49.0,38.0
236.0,104.0,79.0
239.0,108.0,88.0
239.0,108.0,88.0
72.0,55.0,61.0
241.0,252.0,254.0
58.0,50.0,47.0
58.0,50.0,47.0
54.0,51.0,46.0
237.0,254.0,248.0
243.0,94.0,72.0
181.0,155.0,122.0
211.0,186.0,156.0
74.0,74.0,64.0
66.0,35.0,32.0
86.0,116.0,127.0
88.0,15.0,8.0
88.0,119.0,139.0
208.0,182.0,149.0
103.0,18.0,23.0
83.0,113.0,137.0
92.0,44.0,42.0
38.0,50.0,66.0
83.0,109.0,132.0
57.0,61.0,73.0
80.0,116.0,138.0
134.0,160.0,173.0
90.0,40.0,33.0
90.0,40.0,33.0
92.0,129.0,147.0
135.0,54.0,51.0
132.0,64.0,51.0
95.0,116.0,143.0
212.0,183.0,153.0
212.0,183.0,153.0
221.0,190.0,159.0
255.0,96.0,91.0
103.0,139.0,153.0
81.0,67.0,64.0
107.0,45.0,30.0
56.0,58.0,57.0
249.0,103.0,90.0
226.0,192.0,157.0
109.0,138.0,152.0
229.0,195.0,158.0
244.0,87.0,82.0
219.0,240.0,233.0
79.0,47.0,34.0
63.0,50.0,42.0
229.0,125.0,114.0
238.0,98.0,85.0
148.0,133.0,110.0
162.0,136.0,103.0
62.0,50.0,52.0
146.0,111.0,91.0
146.0,111.0,91.0
140.0,122.0,102.0
197.0,164.0,131.0
84.0,95.0,91.0
97.0,106.0,103.0
220.0,187.0,146.0
195.0,158.0,131.0
120.0,126.0,124.0
55.0,41.0,32.0
79.0,90.0,84.0
219.0,174.0,145.0
206.0,175.0,154.0
71.0,69.0,57.0
71.0,69.0,57.0
215.0,189.0,156.0
223.0,196.0,169.0
181.0,157.0,133.0
187.0,159.0,135.0
232.0,198.0,171.0
224.0,192.0,169.0
120.0,12.0,9.0
203.0,171.0,146.0
211.0,185.0,150.0
193.0,176.0,168.0
53.0,40.0,32.0
54.0,70.0,83.0
74.0,32.0,33.0
89.0,7.0,9.0
56.0,70.0,81.0
56.0,70.0,81.0
161.0,176.0,181.0
45.0,63.0,75.0
45.0,63.0,75.0
219.0,193.0,170.0
75.0,81.0,77.0
160.0,170.0,169.0
163.0,181.0,183.0
50.0,21.0,25.0
43.0,33.0,31.0
244.0,89.0,84.0
210.0,188.0,164.0
225.0,186.0,157.0
225.0,186.0,157.0
251.0,252.0,234.0
139.0,163.0,173.0
130.0,145.0,150.0
130.0,145.0,150.0
114.0,114.0,114.0
119.0,124.0,128.0
244.0,228.0,213.0
85.0,86.0,78.0
133.0,158.0,189.0
235.0,93.0,79.0
158.0,179.0,206.0
42.0,28.0,17.0
42.0,28.0,17.0
24.0,38.0,39.0
194.0,158.0,136.0
179.0,188.0,183.0
235.0,88.0,80.0
162.0,176.0,176.0
178.0,191.0,197.0
109.0,132.0,138.0
109.0,132.0,138.0
45.0,53.0,72.0
39.0,18.0,23.0
47.0,26.0,31.0
180.0,154.0,137.0
189.0,200.0,194.0
70.0,78.0,80.0
54.0,62.0,73.0
139.0,178.0,211.0
181.0,195.0,196.0
166.0,177.0,179.0
24.0,37.0,45.0
45.0,76.0,96.0
215.0,174.0,142.0
236.0,85.0,74.0
140.0,159.0,163.0
131.0,150.0,154.0
208.0,173.0,145.0
8.0,24.0,39.0
168.0,182.0,183.0
151.0,165.0,165.0
151.0,165.0,165.0
238.0,70.0,69.0
74.0,86.0,86.0
199.0,171.0,149.0
40.0,58.0,68.0
40.0,19.0,14.0
71.0,65.0,49.0
101.0,103.0,98.0
32.0,49.0,79.0
127.0,151.0,151.0
39.0,48.0,47.0
45.0,62.0,82.0
50.0,21.0,26.0
59.0,70.0,62.0
59.0,70.0,62.0
174.0,184.0,176.0
117.0,134.0,128.0
117.0,134.0,128.0
26.0,40.0,40.0
69.0,40.0,32.0
54.0,45.0,38.0
21.0,27.0,23.0
68.0,60.0,47.0
176.0,181.0,177.0
162.0,173.0,177.0
96.0,116.0,117.0
119.0,140.0,131.0
219.0,205.0,178.0
76.0,79.0,72.0
36.0,57.0,76.0
36.0,57.0,76.0
30.0,36.0,34.0
36.0,33.0,16.0
51.0,85.0,122.0
45.0,27.0,17.0
145.0,179.0,214.0
39.0,91.0,131.0
46.0,85.0,128.0
237.0,228.0,195.0
237.0,228.0,195.0
145.0,160.0,153.0
34.0,40.0,40.0
67.0,23.0,22.0
97.0,98.0,93.0
50.0,61.0,79.0
41.0,51.0,52.0
102.0,114.0,104.0
103.0,106.0,95.0
100.0,104.0,107.0
91.0,91.0,91.0
95.0,113.0,113.0
95.0,113.0,113.0
95.0,113.0,113.0
142.0,155.0,148.0
163.0,181.0,191.0
178.0,188.0,187.0
178.0,188.0,187.0
212.0,176.0,150.0
28.0,36.0,38.0
114.0,129.0,126.0
114.0,129.0,126.0
49.0,84.0,116.0
236.0,237.0,229.0
236.0,237.0,229.0
208.0,177.0,156.0
202.0,178.0,154.0
25.0,37.0,35.0
23.0,55.0,80.0
121.0,140.0,144.0
121.0,140.0,144.0
100.0,63.0,55.0
108.0,101.0,91.0
71.0,67.0,55.0
71.0,67.0,55.0
237.0,239.0,238.0
237.0,239.0,238.0
202.0,93.0,98.0
141.0,154.0,147.0
31.0,30.0,26.0
96.0,104.0,83.0
196.0,91.0,98.0
162.0,166.0,141.0
84.0,95.0,61.0
65.0,58.0,50.0
76.0,79.0,70.0
100.0,103.0,94.0
222.0,187.0,165.0
221.0,183.0,160.0
93.0,86.0,76.0
246.0,243.0,226.0
62.0,61.0,56.0
62.0,61.0,56.0
255.0,243.0,229.0
100.0,98.0,86.0
232.0,195.0,169.0
67.0,76.0,71.0
67.0,76.0,71.0
123.0,125.0,112.0
95.0,95.0,83.0
241.0,230.0,212.0
229.0,232.0,211.0
227.0,194.0,163.0
224.0,189.0,157.0
224.0,189.0,157.0
225.0,184.0,154.0
241.0,240.0,220.0
222.0,223.0,209.0
222.0,223.0,209.0
196.0,164.0,141.0
254.0,252.0,240.0
188.0,189.0,181.0
246.0,245.0,227.0
16.0,21.0,14.0
16.0,21.0,14.0
73.0,73.0,63.0
92.0,121.0,117.0
86.0,12.0,9.0
86.0,12.0,9.0
60.0,61.0,53.0
25.0,35.0,36.0
25.0,35.0,36.0
108.0,128.0,126.0
132.0,168.0,204.0
101.0,117.0,117.0
245.0,250.0,243.0
18.0,29.0,31.0
76.0,85.0,82.0
198.0,162.0,136.0
102.0,103.0,97.0
73.0,75.0,70.0
199.0,167.0,144.0
63.0,27.0,13.0
82.0,104.0,118.0
239.0,240.0,226.0
239.0,240.0,226.0
52.0,51.0,30.0
165.0,178.0,161.0
194.0,173.0,152.0
194.0,173.0,152.0
198.0,157.0,127.0
198.0,157.0,127.0
32.0,50.0,62.0
206.0,175.0,146.0
108.0,134.0,149.0
119.0,143.0,145.0
119.0,143.0,145.0
88.0,76.0,50.0
125.0,132.0,142.0
107.0,124.0,118.0
59.0,61.0,40.0
35.0,40.0,36.0
52.0,52.0,18.0
197.0,167.0,143.0
39.0,79.0,104.0
103.0,127.0,137.0
38.0,64.0,79.0
38.0,64.0,79.0
142.0,170.0,156.0
44.0,70.0,83.0
44.0,70.0,83.0
203.0,167.0,141.0
203.0,167.0,141.0
31.0,73.0,98.0
34.0,62.0,74.0
200.0,168.0,147.0
56.0,76.0,101.0
56.0,76.0,101.0
60.0,57.0,76.0
191.0,160.0,139.0
31.0,21.0,22.0
192.0,155.0,136.0
218.0,165.0,149.0
46.0,74.0,98.0
61.0,40.0,55.0
212.0,211.0,191.0
47.0,96.0,139.0
64.0,22.0,24.0
64.0,22.0,24.0
38.0,96.0,146.0
190.0,158.0,145.0
67.0,41.0,50.0
19.0,39.0,37.0
65.0,39.0,52.0
42.0,94.0,134.0
184.0,99.0,130.0
63.0,90.0,135.0
50.0,100.0,137.0
113.0,88.0,117.0
45.0,90.0,131.0
167.0,174.0,167.0
50.0,98.0,138.0
48.0,98.0,131.0
183.0,107.0,145.0
178.0,87.0,122.0
178.0,87.0,122.0
53.0,90.0,119.0
191.0,97.0,123.0
48.0,100.0,140.0
47.0,89.0,131.0
67.0,64.0,45.0
57.0,97.0,148.0
45.0,95.0,146.0
40.0,91.0,146.0
201.0,147.0,179.0
122.0,98.0,124.0
148.0,104.0,117.0
148.0,104.0,117.0
76.0,118.0,140.0
92.0,105.0,114.0
180.0,188.0,201.0
206.0,205.0,210.0
206.0,205.0,210.0
61.0,128.0,154.0
192.0,156.0,182.0
73.0,112.0,141.0
164.0,154.0,153.0
164.0,154.0,153.0
164.0,154.0,153.0
74.0,115.0,143.0
151.0,109.0,131.0
94.0,109.0,140.0
55.0,65.0,66.0
162.0,139.0,149.0
162.0,139.0,149.0
69.0,110.0,132.0
60.0,89.0,131.0
83.0,123.0,148.0
56.0,80.0,116.0
224.0,218.0,196.0
63.0,79.0,112.0
43.0,94.0,147.0
187.0,93.0,129.0
187.0,93.0,129.0
35.0,106.0,148.0
242.0,218.0,192.0
34.0,102.0,151.0
224.0,161.0,146.0
237.0,222.0,193.0
178.0,107.0,137.0
66.0,118.0,155.0
213.0,159.0,147.0
213.0,159.0,147.0
143.0,179.0,201.0
180.0,96.0,122.0
180.0,96.0,122.0
33.0,92.0,152.0
57.0,88.0,134.0
58.0,103.0,144.0
36.0,101.0,139.0
42.0,109.0,152.0
47.0,110.0,154.0
42.0,113.0,157.0
220.0,166.0,142.0
193.0,116.0,150.0
217.0,168.0,138.0
196.0,119.0,153.0
55.0,109.0,147.0
55.0,109.0,147.0
32.0,63.0,92.0
137.0,147.0,84.0
233.0,225.0,204.0
94.0,95.0,100.0
50.0,111.0,168.0
35.0,24.0,22.0
56.0,115.0,159.0
56.0,56.0,58.0
208.0,173.0,145.0
208.0,173.0,145.0
70.0,70.0,82.0
218.0,120.0,145.0
127.0,142.0,147.0
127.0,142.0,147.0
49.0,60.0,90.0
20.0,28.0,17.0
212.0,179.0,146.0
170.0,183.0,191.0
215.0,185.0,159.0
155.0,172.0,180.0
91.0,106.0,101.0
90.0,83.0,75.0
202.0,166.0,140.0
205.0,171.0,144.0
35.0,65.0,99.0
69.0,74.0,67.0
157.0,170.0,178.0
197.0,169.0,147.0
87.0,101.0,104.0
98.0,104.0,100.0
162.0,174.0,174.0
31.0,61.0,89.0
34.0,68.0,96.0
34.0,68.0,96.0
78.0,92.0,93.0
246.0,249.0,238.0
128.0,143.0,146.0
14.0,32.0,34.0
13.0,17.0,18.0
0.0,25.0,21.0
184.0,154.0,128.0
80.0,87.0,95.0
179.0,161.0,137.0
179.0,161.0,137.0
163.0,181.0,185.0
36.0,63.0,82.0
176.0,146.0,120.0
199.0,171.0,149.0
194.0,163.0,132.0
196.0,161.0,133.0
242.0,222.0,198.0
198.0,167.0,147.0
24.0,32.0,45.0
130.0,160.0,171.0
80.0,95.0,98.0
42.0,68.0,91.0
42.0,68.0,91.0
167.0,186.0,193.0
182.0,150.0,127.0
206.0,176.0,148.0
103.0,136.0,155.0
152.0,167.0,174.0
250.0,253.0,246.0
27.0,80.0,124.0
125.0,154.0,158.0
188.0,157.0,136.0
64.0,54.0,53.0
35.0,52.0,68.0
240.0,220.0,211.0
32.0,58.0,81.0
60.0,49.0,45.0
228.0,219.0,210.0
69.0,63.0,65.0
39.0,45.0,59.0
53.0,44.0,49.0
213.0,199.0,160.0
102.0,87.0,92.0
31.0,44.0,53.0
218.0,194.0,166.0
228.0,210.0,186.0
219.0,204.0,163.0
226.0,202.0,174.0
225.0,199.0,174.0
225.0,199.0,174.0
113.0,105.0,92.0
231.0,203.0,179.0
213.0,197.0,171.0
225.0,192.0,161.0
225.0,192.0,161.0
9.0,18.0,23.0
219.0,180.0,151.0
16.0,20.0,23.0
220.0,194.0,169.0
216.0,180.0,156.0
10.0,14.0,15.0
216.0,180.0,148.0
14.0,13.0,18.0
229.0,199.0,173.0
219.0,192.0,165.0
8.0,13.0,16.0
181.0,162.0,145.0
38.0,35.0,28.0
100.0,74.0,61.0
149.0,122.0,111.0
61.0,54.0,48.0
125.0,100.0,78.0
75.0,56.0,49.0
75.0,56.0,49.0
144.0,116.0,94.0
138.0,117.0,98.0
128.0,106.0,92.0
84.0,95.0,91.0
84.0,95.0,91.0
199.0,165.0,138.0
136.0,140.0,149.0
51.0,51.0,53.0
232.0,255.0,245.0
228.0,255.0,246.0
78.0,110.0,121.0
93.0,131.0,144.0
93.0,131.0,144.0
138.0,163.0,168.0
215.0,184.0,156.0
91.0,124.0,143.0
111.0,143.0,154.0
155.0,127.0,105.0
141.0,123.0,99.0
193.0,154.0,121.0
64.0,76.0,72.0
64.0,76.0,72.0
213.0,188.0,158.0
76.0,85.0,90.0
227.0,202.0,180.0
185.0,170.0,149.0
87.0,87.0,79.0
115.0,121.0,121.0
54.0,70.0,83.0
54.0,70.0,83.0
43.0,62.0,79.0
76.0,82.0,80.0
165.0,186.0,191.0
165.0,186.0,191.0
164.0,173.0,178.0
155.0,162.0,168.0
155.0,162.0,168.0
134.0,153.0,157.0
134.0,153.0,157.0
50.0,32.0,28.0
161.0,170.0,175.0
216.0,180.0,154.0
36.0,26.0,24.0
42.0,31.0,27.0
175.0,184.0,191.0
102.0,126.0,126.0
102.0,126.0,126.0
55.0,72.0,82.0
111.0,136.0,141.0
111.0,136.0,141.0
82.0,85.0,90.0
212.0,181.0,152.0
122.0,148.0,149.0
138.0,161.0,169.0
137.0,165.0,169.0
127.0,146.0,153.0
170.0,182.0,180.0
170.0,182.0,180.0
76.0,86.0,88.0
203.0,178.0,148.0
40.0,64.0,74.0
67.0,67.0,55.0
129.0,153.0,157.0
47.0,64.0,82.0
48.0,64.0,77.0
37.0,78.0,122.0
49.0,68.0,62.0
49.0,68.0,62.0
220.0,75.0,70.0
32.0,77.0,119.0
25.0,34.0,29.0
49.0,35.0,26.0
168.0,176.0,178.0
32.0,48.0,63.0
32.0,48.0,63.0
227.0,87.0,86.0
24.0,35.0,31.0
213.0,204.0,173.0
213.0,204.0,173.0
135.0,181.0,215.0
122.0,139.0,133.0
233.0,227.0,195.0
41.0,55.0,64.0
41.0,55.0,64.0
182.0,165.0,147.0
56.0,73.0,89.0
33.0,24.0,15.0
208.0,183.0,163.0
65.0,28.0,36.0
93.0,98.0,92.0
241.0,243.0,196.0
44.0,52.0,54.0
68.0,49.0,35.0
221.0,185.0,159.0
77.0,86.0,83.0
208.0,72.0,72.0
18.0,24.0,24.0
208.0,184.0,158.0
212.0,179.0,148.0
71.0,81.0,83.0
71.0,81.0,83.0
219.0,186.0,153.0
213.0,185.0,161.0
30.0,39.0,36.0
117.0,137.0,138.0
117.0,137.0,138.0
115.0,103.0,77.0
78.0,20.0,18.0
68.0,68.0,60.0
242.0,244.0,241.0
242.0,244.0,241.0
99.0,36.0,29.0
99.0,36.0,29.0
74.0,84.0,59.0
73.0,24.0,17.0
125.0,137.0,127.0
154.0,168.0,145.0
141.0,142.0,134.0
222.0,192.0,166.0
102.0,95.0,87.0
58.0,58.0,50.0
213.0,178.0,150.0
105.0,89.0,63.0
113.0,119.0,115.0
107.0,100.0,84.0
98.0,97.0,92.0
63.0,78.0,73.0
63.0,78.0,73.0
91.0,93.0,82.0
113.0,114.0,106.0
217.0,184.0,153.0
217.0,184.0,153.0
223.0,191.0,168.0
110.0,110.0,86.0
228.0,226.0,211.0
254.0,244.0,219.0
203.0,206.0,189.0
203.0,206.0,189.0
225.0,214.0,150.0
249.0,255.0,243.0
99.0,94.0,72.0
220.0,212.0,199.0
222.0,221.0,201.0
83.0,86.0,77.0
100.0,120.0,119.0
21.0,35.0,36.0
21.0,35.0,36.0
76.0,94.0,96.0
23.0,31.0,33.0
23.0,31.0,33.0
194.0,159.0,139.0
75.0,83.0,85.0
178.0,150.0,126.0
78.0,78.0,68.0
48.0,12.0,12.0
48.0,12.0,12.0
66.0,13.0,7.0
66.0,13.0,7.0
66.0,13.0,7.0
66.0,13.0,7.0
107.0,107.0,97.0
26.0,29.0,22.0
51.0,20.0,18.0
43.0,34.0,29.0
199.0,167.0,142.0
193.0,175.0,153.0
194.0,162.0,139.0
78.0,101.0,119.0
255.0,252.0,229.0
255.0,252.0,229.0
200.0,160.0,134.0
200.0,160.0,134.0
115.0,141.0,156.0
124.0,142.0,154.0
124.0,142.0,154.0
116.0,131.0,136.0
83.0,88.0,82.0
208.0,176.0,151.0
73.0,97.0,97.0
73.0,97.0,97.0
182.0,160.0,139.0
56.0,46.0,45.0
32.0,35.0,28.0
201.0,171.0,147.0
108.0,139.0,63.0
213.0,86.0,93.0
27.0,30.0,23.0
200.0,176.0,148.0
99.0,126.0,135.0
194.0,162.0,137.0
195.0,163.0,140.0
83.0,97.0,98.0
201.0,170.0,142.0
199.0,167.0,142.0
99.0,129.0,137.0
99.0,129.0,137.0
178.0,156.0,142.0
66.0,72.0,98.0
80.0,54.0,83.0
65.0,24.0,30.0
253.0,220.0,205.0
27.0,100.0,153.0
207.0,147.0,137.0
54.0,34.0,36.0
62.0,86.0,122.0
53.0,101.0,139.0
192.0,92.0,128.0
27.0,84.0,139.0
166.0,111.0,150.0
49.0,93.0,142.0
81.0,69.0,109.0
187.0,104.0,134.0
187.0,104.0,134.0
40.0,94.0,138.0
45.0,97.0,147.0
149.0,120.0,148.0
186.0,158.0,183.0
186.0,158.0,183.0
210.0,193.0,212.0
80.0,120.0,146.0
62.0,114.0,136.0
91.0,90.0,124.0
72.0,111.0,140.0
85.0,118.0,135.0
180.0,165.0,170.0
70.0,123.0,157.0
52.0,94.0,134.0
92.0,100.0,139.0
66.0,99.0,130.0
183.0,149.0,165.0
126.0,150.0,174.0
98.0,114.0,139.0
225.0,157.0,146.0
235.0,224.0,196.0
47.0,104.0,149.0
204.0,169.0,139.0
68.0,120.0,159.0
35.0,98.0,151.0
192.0,155.0,128.0
55.0,103.0,149.0
163.0,107.0,108.0
38.0,109.0,155.0
223.0,176.0,148.0
166.0,182.0,195.0
197.0,104.0,131.0
231.0,227.0,200.0
32.0,61.0,93.0
97.0,113.0,110.0
204.0,177.0,148.0
204.0,177.0,148.0
202.0,174.0,153.0
202.0,174.0,153.0
165.0,178.0,184.0
76.0,91.0,96.0
90.0,101.0,97.0
31.0,63.0,88.0
77.0,90.0,96.0
78.0,92.0,93.0
171.0,186.0,193.0
51.0,73.0,97.0
21.0,54.0,71.0
139.0,153.0,156.0
180.0,152.0,128.0
76.0,95.0,99.0
100.0,124.0,136.0
185.0,160.0,138.0
57.0,79.0,103.0
57.0,79.0,103.0
73.0,86.0,94.0
150.0,168.0,170.0
192.0,166.0,143.0
192.0,166.0,143.0
107.0,137.0,165.0
203.0,182.0,153.0
90.0,126.0,152.0
152.0,167.0,174.0
70.0,59.0,65.0
29.0,55.0,82.0
77.0,70.0,77.0
34.0,50.0,65.0
54.0,98.0,133.0
17.0,32.0,37.0
203.0,175.0,138.0
10.0,14.0,17.0
219.0,187.0,148.0
15.0,20.0,24.0
70.0,49.0,44.0
70.0,49.0,44.0
